{
    "num_leaves": 58,
    "max_depth": 10,
    "learning_rate": 0.08233313024008523,
    "feature_fraction": 0.9124285268168659,
    "bagging_fraction": 0.974493611690566,
    "bagging_freq": 1,
    "min_child_samples": 97
}