{
    "num_leaves": 31,
    "max_depth": 12,
    "learning_rate": 0.09026209331197164,
    "feature_fraction": 0.6576121331867693,
    "bagging_fraction": 0.8915446456039056,
    "bagging_freq": 10,
    "min_child_samples": 91
}