{
    "num_leaves": 35,
    "max_depth": 9,
    "learning_rate": 0.08189693205465566,
    "feature_fraction": 0.828724253471178,
    "bagging_fraction": 0.90433041436503,
    "bagging_freq": 10,
    "min_child_samples": 60
}