{
    "num_leaves": 33,
    "max_depth": 8,
    "learning_rate": 0.09149251399295534,
    "feature_fraction": 0.6304557043964334,
    "bagging_fraction": 0.8947556220715707,
    "bagging_freq": 8,
    "min_child_samples": 95
}